{"cameraMode":{"drawMode":0,"name":"Shaded","section":"Shading Mode"},"sceneLighting":false,"audioPlay":false,"sceneViewState":{"m_AlwaysRefresh":false,"showFog":true,"showSkybox":false,"showFlares":true,"showImageEffects":true,"showParticleSystems":true,"showVisualEffectGraphs":true,"m_FxEnabled":true},"in2DMode":false,"pivot":{"x":-0.4835624694824219,"y":1.4995293617248536,"z":-0.2774829864501953},"rotation":{"x":-0.01230337843298912,"y":-0.030894959345459939,"z":0.00038049815339036286,"w":-0.9994453191757202},"size":10.441364288330079,"orthographic":false}