{"cameraMode":{"drawMode":0,"name":"Shaded","section":"Shading Mode"},"sceneLighting":true,"audioPlay":false,"sceneViewState":{"m_AlwaysRefresh":false,"showFog":true,"showSkybox":true,"showFlares":true,"showImageEffects":true,"showParticleSystems":true,"showVisualEffectGraphs":true,"m_FxEnabled":true},"in2DMode":false,"pivot":{"x":-0.870681881904602,"y":15.728883743286133,"z":-23.901657104492189},"rotation":{"x":-0.06618187576532364,"y":-0.04877564311027527,"z":0.003238576464354992,"w":-0.9966021776199341},"size":0.8660253882408142,"orthographic":false}