{"cameraMode":{"drawMode":0,"name":"Shaded","section":"Shading Mode"},"sceneLighting":true,"audioPlay":false,"sceneViewState":{"m_AlwaysRefresh":false,"showFog":true,"showSkybox":true,"showFlares":true,"showImageEffects":true,"showParticleSystems":true,"showVisualEffectGraphs":true,"m_FxEnabled":true},"in2DMode":false,"pivot":{"x":0.5981684923171997,"y":1.759214162826538,"z":2.8188657760620119},"rotation":{"x":-0.23996129631996156,"y":-0.18987561762332917,"z":0.04791944846510887,"w":-0.9508259892463684},"size":7.071067810058594,"orthographic":false}