{"cameraMode":{"drawMode":0,"name":"Shaded","section":"Shading Mode"},"sceneLighting":false,"audioPlay":false,"sceneViewState":{"m_AlwaysRefresh":false,"showFog":true,"showSkybox":false,"showFlares":true,"showImageEffects":true,"showParticleSystems":true,"showVisualEffectGraphs":true,"m_FxEnabled":true},"in2DMode":false,"pivot":{"x":-6.630247592926025,"y":21.672664642333986,"z":0.5174221396446228},"rotation":{"x":-0.00930720940232277,"y":-0.020400555804371835,"z":0.00018982577603310347,"w":-0.9997490048408508},"size":1.299038290977478,"orthographic":false}